Samsung T24B350,Z5P4HCPD701315X
HP V221,6CM5110L8J
Samsung S19D300,92CSHCLFA02488J
HP V244h,CNK8140TT0
Samsung S20D300,ZUEBHTHTHD100757
HP P191,6CM30211FW
Samsung S20C300,HCLD800071
S20B300,H4LC100882
HP P191,6CM30423DG
HP P191,6CM3042557
Samsung S20C300,HTHCC00700
Samsung S20D300,ZUEBHTHCC00358L
Samsung S19D300,02CSHCLF500661H
Samsung S19D300,ZUMLHTHCC08837R
HP V221,6CM5171GS5
HP V221,6CM5171LWS
HP V221,6CM5171GS6
HP V221,6CM5171LWZ
HP V221,6CM5171MBZ
HP V221,6CM5171LXK
HP V221,6CM5171MCJ
"LG 	20EN33",310NDWEG0297
Samsung S20D300,ZUEBHTHCC00651Z
Samsung S20D300,ZUEBHTHCC00572H
HP V221,6CM5171MDJ
HP V221,ZUEBHTHCC00204A
Samsung S19B150,ZUMLHTHD203575Y
HP V221,6CM5171LX9
Samsung S20B300,ZUEBHTHD100760Y
Samsung S20B300,ZUEBHTHCC00266N
Samsung S20B300,HTHCC00708Z
Samsung S20B300  ,HTND100333  
Samsung S20B300,HTHD100755
Samsung S20B300,ZUEBHTRCC00169P
HP V221,6CM5110LGK
 hisense 40H4000FM,40G192470H01177
TLC 50A441,211NTL000893A00563
Samsung S19B150,HTHD203557
Samsung S19B150,zumlntnd203729n
HP  P 191,6CM30X10K9
Samsung S20B300,HTHCC00067
Samsung S19B150,HTHD203556
Samsung S19B150,HTHD203556
Samsung S19B150,HTHD203899
LG FLATRON 20en33ss,310NDSKG0958
Usa el de gservicio,Usa el de gservicio
HP N246v,1CR813014D
Samsung S19B150,HTHD203898
DELL E178FP,TP21979516SL
HP 22x,1CR10416T4
Samsung S19B150,HTHD204611
P V223,3CQ65215DX
Samsung S19B150,HTHCC08125
Samsung S19B150,ZUMLHTHD204037J
HP V244h,CNK64515V1
Samsung S19C150,ZYGFH4LDA01864A
Samsung S19B150,HTHD203588
benq,D4E01241019
Samsung S20B300,ZUEBHTHCC00426V
Samsung S19B150,ZUMLHTKCC02418T
Samsung S19B150,HTHD203589
HP N223,1CR9320NMF
HP 191,6CM30211S3
Samsung S20B300,HTHCC00608
Samsung S19B150,HTHD203576
Samsung S20B300,HTHCC00608
Samsung S19B150,HTHD203730
,
,
,
,
