microsoft,x82198-017,
Logitech ,Logitech ,
Techzone,TZ16COMB01-INA,
usa propio,usa propio,
VERBATIM,20210505024325,
microsoft,S/N,
GENERICO ,generico 2,
logitech,810-002182,
TRUE BASIC ,1760955179819,
Actek,232883030186,
logitech ,HS406HB,
Microsoft 113,217781271724,
Microsoft 500,507365221539,
Microsoft 113,22855631520,
Generico,180907657,
Microsoft 113,22802731520,
Microsoft 113,FCMHHOAKZAQLF7,
Microsoft 113,0226774-31520,
Logitech M100,1843HS03NWT8,
Logitech ,HS834HB,
Genius XSCROLL,155458793868,
Microsoft 113,5774345-51634,
Microsoft 113,0226891-31520,
Microsoft 113,0226812-31520,
HP,FCMHHOCJP8173K,
Logitech 810,HS819HB,
Logitech M90,1644HS045S98,
verbatim,20210505024324,
verbatim,2021050604323,
logitech k120,HS401HB,
PROPIO,PROPIO,
PROPIO,PROPIO,
hp,fcmhh0c6yazec6,
logitech  m90,2208hszb28,
"Acteck 	ENTRY 100",232883030901,
MICROSOFT BASIC,X821908-017,
MICROSOFT BASIC,X821908-017,
MICROSOFT,X821908-017,
propio,propio,
 tech zone,tzmou01,
MICROSOFT,X891908-002,
MICROSOFT,NO SE VE,
PRESTADO,PRESTADO,
genius,x8i94751006481,
LOGITECH  M90 , 2301HS04SMA8,
MOCROSOFT,X821908-017,
hp,no se ve,
microsoft ,x821908-014,
Microsoft 113,X821908-014,
Microsoft 400,X821908-017,
Logitech M187,810-003748,
Microsoft 400,X821908-017,
Microsoft 401,X821908-018,
MICROSOFT,HS402HB,
usa propio,usa propio,
Microsoft 500,x821909-003,
HP,FCMHH0C92C8J68,
hp,FCMHH0AK29,
usa propio,usa propio,
HP,FCMHH0CJP7LF2P,
hp,hs6549h9,
MICROSOFT BASSIC,X821908017,