HP ZBook Firefly 14 G7,5CG0440QD3,LAPTOP,Intel(R) Core(TM) i7-10510U CPU @ 1.80GHz,SSD 476.9 GB,16 GB
HP 280 G3 SFF,8CG901494H,COMPU  DE MARCA,Intel(R) Core(TM) i3-8100 CPU @ 3.60GHz,SSD 931.5 GB,8.0 GB
Active cool,940233065790,COMPU  ARMADA,Intel(R) Core(TM) i5-3330 CPU @ 3.00GHz,465.8 GB,8.0 GB
Active cool,PENDIENTE,COMPU  ARMADA,Intel(R) Core(TM) i5-3330 CPU @ 3.00GHz,465.8 GB,8.0 GB
Active cool,940233074078,COMPU  ARMADA,Intel(R) Core(TM) i5-3330 CPU @ 3.00GHz,465.8 GB,8.0 GB
Active cool,940233110417,COMPU  ARMADA,Intel(R) Core(TM) i5-3330 CPU @ 3.00GHz,465.8 GB,8.0 GB
HP Compaq Elite 8300 CMT,MXL31417XB,COMPU  DE MARCA,Intel(R) Core(TM) i5-3470 CPU @ 3.20GHz,480 GB SSD,8.0 GB
HP Compaq Elite 8300 CMT,MXL31417XV,COMPU  DE MARCA,Intel(R) Core(TM) i5-3470 CPU @ 3.20GHz,480 GB SSD,8.0 GB
HP Compaq Elite 8300 CMT,MXL31417Y1,COMPU  DE MARCA,Intel(R) Core(TM) i5-3470 CPU @ 3.20GHz,480 GB SSD,8.0 GB
HP Compaq Elite 8300 CMT,MXL31417X2,COMPU  DE MARCA,Intel(R) Core(TM) i5-3470 CPU @ 3.20GHz,480 GB SSD,8.0 GB
HP Compaq Elite 8300 CMT,MXL31417Y2,COMPU  DE MARCA,Intel(R) Core(TM) i5-3470 CPU @ 3.20GHz,480 GB SSD,8.0 GB
HP Compaq Elite 8300 CMT,MXL31417WW,COMPU  DE MARCA,Intel(R) Core(TM) i5-2310 CPU @ 2.90GHz,480 GB SSD,8.0 GB
ACTIVE COOL,940233125171,COMPU  ARMADA,Intel(R) Core(TM) i5-3330 CPU @ 3.00GHz,465.8 GB,8.0 GB
VCLOUDPOINT S100,A3-8QU0-3989,TERMINAL,N/A,N/A,N/A
ACTIVE COOL,940233096939,COMPU  ARMADA,Intel(R) Core(TM) i5-3330 CPU @ 3.00GHz,2TB,8.0 GB
VCLOUDPOINT S100,A5-8QV2-2205,TERMINAL,N/A,N/A,N/A
VCLOUDPOINT S100,A3-BQU0-3984,TERMINAL,N/A,N/A,N/A
VCLOUDPOINT S100,A5-8QU7-3542,TERMINAL,N/A,N/A,N/A
VCLOUDPOINT S100,A5-8QU7-3592,TERMINAL,N/A,N/A,N/A
VCLOUDPOINT S100,A58QU7-3612,TERMINAL,N/A,N/A,N/A
SUNDE,H4- 6553483,TERMINAL,N/A,N/A,N/A
HP Compaq Elite 8300,MXL31417XZ,COMPU  DE MARCA,Intel(R) Core(TM) i5-3470 CPU @ 3.20GHz,465.8 GB,4.0 GB
VCLOUDPOINT S100,A3-8QTK-6754,TERMINAL,N/A,N/A,N/A
VCLOUDPOINT S100,A3-8QTH-4134,TERMINAL,N/A,N/A,N/A
SUNDE,"H4- 	6660097",TERMINAL,N/A,N/A,N/A
SUNDE,"H4-	6549953",TERMINAL,N/A,N/A,N/A
SUNDE,A3-8QTK-6754,TERMINAL,N/A,N/A,N/A
SUNDE,H4-6782377,TERMINAL,N/A,N/A,N/A
HP Compaq Elite 8300,MXL31417WR,COMPU  DE MARCA,Intel(R) Core(TM) i5-3470 CPU @ 3.20GHz,465.8 GB,4.0 GB
HP Compaq Elite 8300 ,MXL31417Y0,COMPU  DE MARCA,Intel(R) Core(TM) i5-3470 CPU @ 3.20GHz,SSD 860 GB ,6.0 GB
ACTIVE COOL,940233064100,COMPU  ARMADA,Intel(R) Core(TM) i5-3340 CPU @ 3.10GHz,465.8 GB,8.0 GB
active cool,940233074227,COMPU  ARMADA,Intel(R) Core(TM) i5-3330 CPU @ 3.00GHz,465.8 GB,8.0 GB
active cool,940233127814,COMPU  ARMADA,Intel(R) Core(TM) i5-3340 CPU @ 3.10GHz,465.8 GB,4.0 GB
HP Compaq Elite 8300,MXL31417WN,COMPU  DE MARCA,Intel(R) Core(TM) i5-3470 CPU @ 3.20GHz,SSD 480 GB ,10 GB
ACTIVE COOL,9402331573,COMPU  ARMADA,Intel(R) Core(TM) i5-3340 CPU @ 3.10GHz,465.8 GB,8.0 GB
HP ProBook 440 G8,5CD208274D,LAPTOP,11th Gen Intel(R) Core(TM) i5-1135G7 @ 2.40GHz,SSD M.2 1TB,8.0 GB
Dell,JZFM822,ALL IN ONE,Intel(R) Core(TM) i3-4160T CPU @ 3.10GHz,921.9 GB,8.0 GB
Dell,7KGM822,ALL IN ONE,Intel(R) Core(TM) i3-4160T CPU @ 3.10GHz,921.9 GB,8.0 GB
HP EliteDesk 800 G1,MXL43524ZM,COMPU  DE MARCA,Intel(R) Core(TM) i5-4570 CPU @ 3.20GHz,465.8 GB,4.0 GB 
Active cool,940233065799,COMPU  ARMADA,Intel(R) Core(TM) i5-3330 CPU @ 3.00GHz,931.5 GB,8.0 GB
HP Compaq Elite 8300,MXL31417XP,COMPU  DE MARCA,Intel(R) Core(TM) i5-3470 CPU @ 3.20GHz,465.8 GB,4.0 GB
HP Compaq Elite 8300,MXL31417X4,COMPU  DE MARCA,Intel(R) Core(TM) i5-3470 CPU @ 3.20GHz,465.8 GB,4.0 GB
ACTIVE COOL,940233064066,COMPU  ARMADA,,,
ACTIVE COOL,9423306099,COMPU  ARMADA,Intel(R) Core(TM) i5-3330 CPU @ 3.00GHz,465.8 GB,8.0gb
HP ProBook 440 G2,CND507441Q,LAPTOP,Intel(R) Core(TM) i5-4210U CPU @ 1.70GHz,SSD 460GB,8.0gb
active cool,940233074167,COMPU  ARMADA,Intel(R) Core(TM) i5-3330 CPU @ 3.00GHz,465.8 GB,8.0gb
EliteDesk 705 G1,MXL51127B5,COMPU  DE MARCA,AMD A10 PRO-7850B,1tb,8.0 gb
vcloundpoint,A3-8QTK-6804,TERMINAL,,,
Vostro 270s,GLGJXV1,COMPU  DE MARCA,Intel(R) Core(TM) i3-3220 CPU @ 3.30GHz,SSD 480GB,8.0 GB
HP ProBook 450 G3,5CD5421WS0,LAPTOP,Intel(R) Core(TM) i5-6200U CPU @ 2.30GHz,SSD 256gb,12.0 GB
active cool,no se ve,COMPU  DE MARCA,Intel(R) Core(TM) i5-4570 CPU @ 3.20GHz,465.8 GB,8.0 GB
HP ProBook 440 G7,5CD0211HFV,LAPTOP,Intel(R) Core(TM) i5-10210U CPU @ 1.60GHz,480gb SSD,8.0gb
Vostro 270s,GMBHXV1,COMPU  DE MARCA,Intel(R) Core(TM) i3-3220 CPU @ 3.30GHz,SSD465.8 GB,8.0 GB
Active cool,940233162043,COMPU  ARMADA,Intel(R) Core(TM) i5-3340 CPU @ 3.10GHz,480 gb,2.0 GB
active cool,940233064145,COMPU  ARMADA,Intel(R) Core(TM) i5-3330 CPU @ 3.00GHz,465.8 GB,8.0 GB
HP 280 G2 SFF,4CE6420ZHD,COMPU  DE MARCA,Intel(R) Core(TM) i3-6100 CPU @ 3.70GHz,930.9 GB,8.0 GB
HP ProOne 400 G2,MXL6141ZRZ,ALL IN ONE,Intel(R) Core(TM) i3-6300T CPU @ 3.30GHz,930.9 GB,8.0 GB
ProOne 400 G2,MXL6141ZSL,ALL IN ONE,Intel(R) Core(TM) i3-6300T CPU @ 3.30GHz,930.9 GB,8.0 GB
active cool,940233074164,COMPU  ARMADA,Intel(R) Core(TM) i5-3330 CPU @ 3.00GHz,SSD 1TB,8.0 GB
active cool,940233064564,COMPU  ARMADA,Intel(R) Core(TM) i5-3330 CPU @ 3.00GHz,465.8 GB,8.0 GB
HP Compaq Elite 8300,MXL31417X7,COMPU  DE MARCA,Intel(R) Core(TM) i5-3470 CPU @ 3.20GHz,465.8 GB,4.0 GB
active cool,940233096938,COMPU  ARMADA,Intel(R) Core(TM) i5-3330 CPU @ 3.00GHz,930.9 GB,8.0 GB
active cool,940233063968,COMPU  ARMADA,Intel(R) Core(TM) i5-3330 CPU @ 3.00GHz,465.8 GB,8.0 GB
HP Compaq Elite 8300 CMT,MXL31417X9,COMPU  DE MARCA,Intel(R) Core(TM) i5-3470 CPU @ 3.20GHz,480gb ssd,8.0gb
HP Compaq Elite 8300,MXL31417XN,COMPU  DE MARCA,Intel(R) Core(TM) i5-3470 CPU @ 3.20GHz,465.8 GB,4.0 GB
active cool,940233074162,COMPU  ARMADA,Intel(R) Core(TM) i5-3330 CPU @ 3.00GHz,465.8 GB,8.0 GB
ProBook 440 G5,5CD812DW71,LAPTOP,Intel(R) Core(TM) i3-6006U CPU @ 2.00GHz,931.5 GB,8.0 GB
active cool,940233074167,COMPU  DE MARCA,Intel(R) Core(TM) i5-3330 CPU @ 3.00GHz,465.8 GB,8.0 GB
PANASONIC  CF-193H1G1FW,4DKYA72157,LAPTOP CONSULT,Intel(R) Core(TM) i5-3320M CPU @ 2.60GHz,465.8 GB,4.0GB
PANASONIC  CF-193H1G1FW,,LAPTOP CONSULT,Intel(R) Core(TM) i5-3320M CPU @ 2.60GHz,465.8 GB,4.0GB
HP 280 G3 SFF,8CG93040V9,COMPU  ARMADA,Intel(R) Core(TM) i3-8100 CPU @ 3.60GHz,1tb,8.0 GB
HP Compaq Elite 8300,MXL31417WZ,COMPU  DE MARCA,Intel(R) Core(TM) i5-3470 CPU @ 3.20GHz,465.8 GB,8.0 GB
active cool,940233114306,COMPU  ARMADA,Intel(R) Core(TM) i5-3330 CPU @ 3.00GHz ,465.8 GB,8.0 GB
active cool,940233127804,COMPU  ARMADA,Intel(R) Core(TM) i5-3340 CPU @ 3.10GHz,465.8 GB,8.0 GB
active cool,940233074022,COMPU  ARMADA,Intel(R) Core(TM) i5-3330 CPU @ 3.00GHz,465.8 GB,8.0 GB
active cool,9402127804,COMPU  ARMADA,Intel(R) Core(TM) i5-3330 CPU @ 3.00GHz ,465.8 GB,8.0 GB
